"","ListDrugs","ListMutTargetRate"
"1","3TC",7.8692e-05
"2","FTC",7.8692e-05
"3","ABC",0.000112507
"4","DDI",0.000111714
"5","TDF",3.9015e-05
"6","D4T",0.000104651
"7","AZT",8.2451e-05
"8","EFV",0.00018199
"9","ETR",0.000159843
"10","NVP",0.00018199
"11","RPV",0.000159843
"12","NFV",0.000171827
"13","ATV",0.000172356
"14","DRV",9.4567e-05
"15","FPV",0.000185681
"16","IDV",0.000173259
"17","LPV",0.000186527
"18","SQV",0.000100745
"19","TPV",0.000148252
